status,feature_set,model,preprocessing_mode,cv_mean,cv_std,cv_min,cv_max,fold_scores,error
ok,f00_core,DummyClassifier,unscaled_tree,0.616163,0.002325,0.61236,0.617978,"[0.614525, 0.617978, 0.617978, 0.617978, 0.61236, 0.614525, 0.617978, 0.617978, 0.617978, 0.61236, 0.614525, 0.617978, 0.617978, 0.617978, 0.61236, 0.614525, 0.617978, 0.617978, 0.617978, 0.61236, 0.614525, 0.617978, 0.617978, 0.617978, 0.61236, 0.614525, 0.617978, 0.617978, 0.617978, 0.61236, 0.614525, 0.617978, 0.617978, 0.617978, 0.61236, 0.614525, 0.617978, 0.617978, 0.617978, 0.61236, 0.614525, 0.617978, 0.617978, 0.617978, 0.61236, 0.614525, 0.617978, 0.617978, 0.617978, 0.61236]",
ok,f00_core,LogisticRegression,scaled_linear,0.775883,0.027787,0.702247,0.837079,"[0.765363, 0.775281, 0.786517, 0.764045, 0.797753, 0.765363, 0.786517, 0.735955, 0.780899, 0.803371, 0.787709, 0.764045, 0.808989, 0.752809, 0.747191, 0.782123, 0.724719, 0.775281, 0.758427, 0.837079, 0.743017, 0.758427, 0.803371, 0.764045, 0.820225, 0.776536, 0.797753, 0.780899, 0.769663, 0.775281, 0.715084, 0.775281, 0.775281, 0.808989, 0.792135, 0.765363, 0.808989, 0.758427, 0.780899, 0.752809, 0.765363, 0.831461, 0.730337, 0.786517, 0.764045, 0.776536, 0.792135, 0.702247, 0.808989, 0.814607]",
ok,f00_core,GaussianNB,unscaled_tree,0.77195,0.028511,0.696629,0.831461,"[0.759777, 0.769663, 0.769663, 0.764045, 0.786517, 0.765363, 0.792135, 0.735955, 0.792135, 0.780899, 0.793296, 0.735955, 0.803371, 0.747191, 0.769663, 0.798883, 0.707865, 0.769663, 0.741573, 0.831461, 0.731844, 0.752809, 0.792135, 0.775281, 0.814607, 0.765363, 0.797753, 0.775281, 0.764045, 0.769663, 0.743017, 0.775281, 0.764045, 0.797753, 0.786517, 0.759777, 0.820225, 0.741573, 0.780899, 0.747191, 0.77095, 0.820225, 0.719101, 0.786517, 0.764045, 0.759777, 0.792135, 0.696629, 0.803371, 0.814607]",
ok,f00_core,KNeighborsClassifier,scaled_linear,0.783508,0.035115,0.696629,0.848315,"[0.73743, 0.724719, 0.786517, 0.837079, 0.820225, 0.798883, 0.764045, 0.724719, 0.775281, 0.814607, 0.821229, 0.758427, 0.780899, 0.713483, 0.775281, 0.782123, 0.786517, 0.808989, 0.792135, 0.814607, 0.815642, 0.764045, 0.837079, 0.719101, 0.797753, 0.798883, 0.820225, 0.775281, 0.769663, 0.780899, 0.715084, 0.780899, 0.803371, 0.848315, 0.775281, 0.759777, 0.808989, 0.780899, 0.792135, 0.752809, 0.759777, 0.848315, 0.696629, 0.803371, 0.786517, 0.787709, 0.797753, 0.758427, 0.831461, 0.792135]",
ok,f00_core,LinearSVC,scaled_linear,0.785983,0.030218,0.707865,0.853933,"[0.787709, 0.775281, 0.786517, 0.764045, 0.820225, 0.793296, 0.786517, 0.758427, 0.780899, 0.814607, 0.804469, 0.786517, 0.820225, 0.775281, 0.747191, 0.782123, 0.724719, 0.808989, 0.780899, 0.837079, 0.759777, 0.764045, 0.803371, 0.780899, 0.825843, 0.798883, 0.808989, 0.780899, 0.769663, 0.775281, 0.715084, 0.780899, 0.797753, 0.808989, 0.792135, 0.765363, 0.853933, 0.780899, 0.780899, 0.752809, 0.765363, 0.831461, 0.730337, 0.808989, 0.797753, 0.776536, 0.797753, 0.707865, 0.837079, 0.814607]",
ok,f00_core,SVC,scaled_linear,0.811456,0.022473,0.758427,0.865169,"[0.815642, 0.797753, 0.786517, 0.837079, 0.820225, 0.798883, 0.842697, 0.786517, 0.808989, 0.820225, 0.821229, 0.825843, 0.825843, 0.808989, 0.775281, 0.821229, 0.786517, 0.814607, 0.792135, 0.842697, 0.815642, 0.808989, 0.837079, 0.803371, 0.792135, 0.815642, 0.820225, 0.831461, 0.792135, 0.797753, 0.776536, 0.803371, 0.803371, 0.865169, 0.808989, 0.787709, 0.825843, 0.853933, 0.814607, 0.775281, 0.798883, 0.848315, 0.803371, 0.803371, 0.803371, 0.793296, 0.842697, 0.758427, 0.853933, 0.808989]",
ok,f00_core,DecisionTreeClassifier,unscaled_tree,0.811456,0.022473,0.758427,0.865169,"[0.815642, 0.797753, 0.786517, 0.837079, 0.820225, 0.798883, 0.842697, 0.786517, 0.808989, 0.820225, 0.821229, 0.825843, 0.825843, 0.808989, 0.775281, 0.821229, 0.786517, 0.814607, 0.792135, 0.842697, 0.815642, 0.808989, 0.837079, 0.803371, 0.792135, 0.815642, 0.820225, 0.831461, 0.792135, 0.797753, 0.776536, 0.803371, 0.803371, 0.865169, 0.808989, 0.787709, 0.825843, 0.853933, 0.814607, 0.775281, 0.798883, 0.848315, 0.803371, 0.803371, 0.803371, 0.793296, 0.842697, 0.758427, 0.853933, 0.808989]",
ok,f00_core,RandomForestClassifier,unscaled_tree,0.811456,0.022473,0.758427,0.865169,"[0.815642, 0.797753, 0.786517, 0.837079, 0.820225, 0.798883, 0.842697, 0.786517, 0.808989, 0.820225, 0.821229, 0.825843, 0.825843, 0.808989, 0.775281, 0.821229, 0.786517, 0.814607, 0.792135, 0.842697, 0.815642, 0.808989, 0.837079, 0.803371, 0.792135, 0.815642, 0.820225, 0.831461, 0.792135, 0.797753, 0.776536, 0.803371, 0.803371, 0.865169, 0.808989, 0.787709, 0.825843, 0.853933, 0.814607, 0.775281, 0.798883, 0.848315, 0.803371, 0.803371, 0.803371, 0.793296, 0.842697, 0.758427, 0.853933, 0.808989]",
ok,f00_core,ExtraTreesClassifier,unscaled_tree,0.811456,0.022473,0.758427,0.865169,"[0.815642, 0.797753, 0.786517, 0.837079, 0.820225, 0.798883, 0.842697, 0.786517, 0.808989, 0.820225, 0.821229, 0.825843, 0.825843, 0.808989, 0.775281, 0.821229, 0.786517, 0.814607, 0.792135, 0.842697, 0.815642, 0.808989, 0.837079, 0.803371, 0.792135, 0.815642, 0.820225, 0.831461, 0.792135, 0.797753, 0.776536, 0.803371, 0.803371, 0.865169, 0.808989, 0.787709, 0.825843, 0.853933, 0.814607, 0.775281, 0.798883, 0.848315, 0.803371, 0.803371, 0.803371, 0.793296, 0.842697, 0.758427, 0.853933, 0.808989]",
ok,f00_core,AdaBoostClassifier,unscaled_tree,0.77622,0.029228,0.702247,0.837079,"[0.765363, 0.775281, 0.786517, 0.764045, 0.797753, 0.765363, 0.786517, 0.735955, 0.792135, 0.803371, 0.787709, 0.764045, 0.808989, 0.752809, 0.747191, 0.782123, 0.713483, 0.775281, 0.758427, 0.837079, 0.743017, 0.752809, 0.803371, 0.764045, 0.820225, 0.776536, 0.797753, 0.780899, 0.764045, 0.769663, 0.715084, 0.775281, 0.775281, 0.808989, 0.792135, 0.759777, 0.837079, 0.758427, 0.780899, 0.752809, 0.77095, 0.831461, 0.735955, 0.786517, 0.764045, 0.776536, 0.792135, 0.702247, 0.808989, 0.814607]",
ok,f00_core,GradientBoostingClassifier,unscaled_tree,0.811343,0.022611,0.758427,0.865169,"[0.815642, 0.797753, 0.786517, 0.837079, 0.820225, 0.798883, 0.842697, 0.786517, 0.808989, 0.820225, 0.821229, 0.825843, 0.825843, 0.808989, 0.775281, 0.821229, 0.780899, 0.814607, 0.792135, 0.842697, 0.815642, 0.808989, 0.837079, 0.803371, 0.792135, 0.815642, 0.820225, 0.831461, 0.792135, 0.797753, 0.776536, 0.803371, 0.803371, 0.865169, 0.808989, 0.787709, 0.825843, 0.853933, 0.814607, 0.775281, 0.798883, 0.848315, 0.803371, 0.803371, 0.803371, 0.793296, 0.842697, 0.758427, 0.853933, 0.808989]",
ok,f00_core,HistGradientBoostingClassifier,unscaled_tree,0.811456,0.022473,0.758427,0.865169,"[0.815642, 0.797753, 0.786517, 0.837079, 0.820225, 0.798883, 0.842697, 0.786517, 0.808989, 0.820225, 0.821229, 0.825843, 0.825843, 0.808989, 0.775281, 0.821229, 0.786517, 0.814607, 0.792135, 0.842697, 0.815642, 0.808989, 0.837079, 0.803371, 0.792135, 0.815642, 0.820225, 0.831461, 0.792135, 0.797753, 0.776536, 0.803371, 0.803371, 0.865169, 0.808989, 0.787709, 0.825843, 0.853933, 0.814607, 0.775281, 0.798883, 0.848315, 0.803371, 0.803371, 0.803371, 0.793296, 0.842697, 0.758427, 0.853933, 0.808989]",
ok,f00_core,XGBClassifier,unscaled_tree,0.811456,0.022473,0.758427,0.865169,"[0.815642, 0.797753, 0.786517, 0.837079, 0.820225, 0.798883, 0.842697, 0.786517, 0.808989, 0.820225, 0.821229, 0.825843, 0.825843, 0.808989, 0.775281, 0.821229, 0.786517, 0.814607, 0.792135, 0.842697, 0.815642, 0.808989, 0.837079, 0.803371, 0.792135, 0.815642, 0.820225, 0.831461, 0.792135, 0.797753, 0.776536, 0.803371, 0.803371, 0.865169, 0.808989, 0.787709, 0.825843, 0.853933, 0.814607, 0.775281, 0.798883, 0.848315, 0.803371, 0.803371, 0.803371, 0.793296, 0.842697, 0.758427, 0.853933, 0.808989]",
ok,f00_core,LGBMClassifier,unscaled_tree,0.811456,0.022473,0.758427,0.865169,"[0.815642, 0.797753, 0.786517, 0.837079, 0.820225, 0.798883, 0.842697, 0.786517, 0.808989, 0.820225, 0.821229, 0.825843, 0.825843, 0.808989, 0.775281, 0.821229, 0.786517, 0.814607, 0.792135, 0.842697, 0.815642, 0.808989, 0.837079, 0.803371, 0.792135, 0.815642, 0.820225, 0.831461, 0.792135, 0.797753, 0.776536, 0.803371, 0.803371, 0.865169, 0.808989, 0.787709, 0.825843, 0.853933, 0.814607, 0.775281, 0.798883, 0.848315, 0.803371, 0.803371, 0.803371, 0.793296, 0.842697, 0.758427, 0.853933, 0.808989]",
ok,f00_core,CatBoostClassifier,unscaled_tree,0.811456,0.022473,0.758427,0.865169,"[0.815642, 0.797753, 0.786517, 0.837079, 0.820225, 0.798883, 0.842697, 0.786517, 0.808989, 0.820225, 0.821229, 0.825843, 0.825843, 0.808989, 0.775281, 0.821229, 0.786517, 0.814607, 0.792135, 0.842697, 0.815642, 0.808989, 0.837079, 0.803371, 0.792135, 0.815642, 0.820225, 0.831461, 0.792135, 0.797753, 0.776536, 0.803371, 0.803371, 0.865169, 0.808989, 0.787709, 0.825843, 0.853933, 0.814607, 0.775281, 0.798883, 0.848315, 0.803371, 0.803371, 0.803371, 0.793296, 0.842697, 0.758427, 0.853933, 0.808989]",
ok,raw_tabular,DummyClassifier,unscaled_tree,0.616163,0.002325,0.61236,0.617978,"[0.614525, 0.617978, 0.617978, 0.617978, 0.61236, 0.614525, 0.617978, 0.617978, 0.617978, 0.61236, 0.614525, 0.617978, 0.617978, 0.617978, 0.61236, 0.614525, 0.617978, 0.617978, 0.617978, 0.61236, 0.614525, 0.617978, 0.617978, 0.617978, 0.61236, 0.614525, 0.617978, 0.617978, 0.617978, 0.61236, 0.614525, 0.617978, 0.617978, 0.617978, 0.61236, 0.614525, 0.617978, 0.617978, 0.617978, 0.61236, 0.614525, 0.617978, 0.617978, 0.617978, 0.61236, 0.614525, 0.617978, 0.617978, 0.617978, 0.61236]",
ok,raw_tabular,LogisticRegression,scaled_linear,0.797776,0.030026,0.724719,0.865169,"[0.782123, 0.803371, 0.797753, 0.780899, 0.820225, 0.77095, 0.820225, 0.747191, 0.820225, 0.837079, 0.793296, 0.786517, 0.831461, 0.792135, 0.792135, 0.793296, 0.747191, 0.780899, 0.808989, 0.865169, 0.782123, 0.769663, 0.814607, 0.786517, 0.808989, 0.793296, 0.792135, 0.814607, 0.825843, 0.792135, 0.743017, 0.775281, 0.780899, 0.859551, 0.803371, 0.77095, 0.837079, 0.792135, 0.820225, 0.758427, 0.776536, 0.865169, 0.764045, 0.803371, 0.792135, 0.787709, 0.814607, 0.724719, 0.837079, 0.831461]",
ok,raw_tabular,GaussianNB,unscaled_tree,0.784968,0.026686,0.730337,0.842697,"[0.759777, 0.775281, 0.769663, 0.797753, 0.814607, 0.765363, 0.814607, 0.735955, 0.820225, 0.797753, 0.793296, 0.758427, 0.814607, 0.758427, 0.792135, 0.810056, 0.730337, 0.775281, 0.758427, 0.831461, 0.77095, 0.735955, 0.837079, 0.769663, 0.820225, 0.787709, 0.786517, 0.797753, 0.780899, 0.786517, 0.765363, 0.775281, 0.775281, 0.797753, 0.786517, 0.759777, 0.820225, 0.752809, 0.803371, 0.775281, 0.776536, 0.842697, 0.769663, 0.786517, 0.769663, 0.793296, 0.803371, 0.730337, 0.814607, 0.803371]",
ok,raw_tabular,KNeighborsClassifier,scaled_linear,0.803042,0.02242,0.758427,0.859551,"[0.798883, 0.803371, 0.780899, 0.842697, 0.803371, 0.793296, 0.797753, 0.786517, 0.831461, 0.814607, 0.798883, 0.803371, 0.820225, 0.780899, 0.797753, 0.798883, 0.758427, 0.814607, 0.775281, 0.825843, 0.787709, 0.808989, 0.859551, 0.797753, 0.808989, 0.810056, 0.797753, 0.764045, 0.792135, 0.797753, 0.787709, 0.769663, 0.808989, 0.853933, 0.814607, 0.787709, 0.792135, 0.808989, 0.786517, 0.797753, 0.787709, 0.859551, 0.837079, 0.786517, 0.808989, 0.776536, 0.803371, 0.780899, 0.837079, 0.814607]",
ok,raw_tabular,LinearSVC,scaled_linear,0.794968,0.030163,0.730337,0.859551,"[0.782123, 0.786517, 0.808989, 0.775281, 0.825843, 0.776536, 0.792135, 0.752809, 0.803371, 0.831461, 0.821229, 0.780899, 0.831461, 0.786517, 0.769663, 0.804469, 0.730337, 0.775281, 0.797753, 0.853933, 0.759777, 0.780899, 0.803371, 0.792135, 0.825843, 0.793296, 0.786517, 0.814607, 0.803371, 0.780899, 0.731844, 0.786517, 0.786517, 0.853933, 0.814607, 0.765363, 0.842697, 0.797753, 0.803371, 0.764045, 0.77095, 0.859551, 0.764045, 0.808989, 0.780899, 0.782123, 0.814607, 0.730337, 0.842697, 0.820225]",
ok,raw_tabular,SVC,scaled_linear,0.821549,0.024288,0.769663,0.876404,"[0.849162, 0.808989, 0.792135, 0.831461, 0.825843, 0.832402, 0.814607, 0.792135, 0.820225, 0.848315, 0.826816, 0.814607, 0.842697, 0.797753, 0.797753, 0.826816, 0.769663, 0.831461, 0.797753, 0.876404, 0.821229, 0.797753, 0.859551, 0.831461, 0.797753, 0.843575, 0.814607, 0.831461, 0.837079, 0.797753, 0.793296, 0.814607, 0.814607, 0.876404, 0.814607, 0.804469, 0.831461, 0.837079, 0.825843, 0.797753, 0.810056, 0.859551, 0.803371, 0.814607, 0.825843, 0.804469, 0.842697, 0.769663, 0.876404, 0.831461]",
ok,raw_tabular,DecisionTreeClassifier,unscaled_tree,0.784742,0.024047,0.735955,0.837079,"[0.787709, 0.814607, 0.735955, 0.758427, 0.814607, 0.77095, 0.797753, 0.764045, 0.775281, 0.814607, 0.782123, 0.786517, 0.786517, 0.820225, 0.814607, 0.776536, 0.775281, 0.814607, 0.780899, 0.837079, 0.776536, 0.775281, 0.780899, 0.769663, 0.797753, 0.810056, 0.741573, 0.775281, 0.764045, 0.797753, 0.787709, 0.752809, 0.808989, 0.775281, 0.803371, 0.787709, 0.741573, 0.831461, 0.786517, 0.752809, 0.75419, 0.792135, 0.769663, 0.797753, 0.797753, 0.759777, 0.769663, 0.747191, 0.820225, 0.803371]",
ok,raw_tabular,RandomForestClassifier,unscaled_tree,0.813805,0.024543,0.752809,0.870787,"[0.843575, 0.792135, 0.792135, 0.820225, 0.842697, 0.804469, 0.837079, 0.758427, 0.825843, 0.814607, 0.804469, 0.814607, 0.825843, 0.831461, 0.808989, 0.832402, 0.752809, 0.842697, 0.792135, 0.853933, 0.810056, 0.780899, 0.848315, 0.775281, 0.820225, 0.832402, 0.825843, 0.803371, 0.808989, 0.792135, 0.787709, 0.764045, 0.808989, 0.825843, 0.825843, 0.804469, 0.820225, 0.870787, 0.814607, 0.814607, 0.815642, 0.859551, 0.814607, 0.803371, 0.797753, 0.804469, 0.842697, 0.792135, 0.831461, 0.803371]",
ok,raw_tabular,ExtraTreesClassifier,unscaled_tree,0.798204,0.023746,0.724719,0.848315,"[0.810056, 0.808989, 0.769663, 0.792135, 0.837079, 0.787709, 0.820225, 0.752809, 0.797753, 0.808989, 0.787709, 0.803371, 0.820225, 0.792135, 0.786517, 0.821229, 0.724719, 0.820225, 0.752809, 0.848315, 0.782123, 0.792135, 0.803371, 0.752809, 0.792135, 0.810056, 0.814607, 0.803371, 0.803371, 0.808989, 0.782123, 0.786517, 0.820225, 0.808989, 0.769663, 0.787709, 0.797753, 0.842697, 0.792135, 0.797753, 0.798883, 0.837079, 0.780899, 0.786517, 0.797753, 0.821229, 0.820225, 0.769663, 0.814607, 0.792135]",
ok,raw_tabular,AdaBoostClassifier,unscaled_tree,0.804394,0.028625,0.731844,0.870787,"[0.787709, 0.820225, 0.814607, 0.775281, 0.837079, 0.776536, 0.814607, 0.780899, 0.820225, 0.842697, 0.821229, 0.792135, 0.831461, 0.780899, 0.792135, 0.804469, 0.758427, 0.808989, 0.769663, 0.870787, 0.787709, 0.780899, 0.814607, 0.825843, 0.842697, 0.815642, 0.808989, 0.808989, 0.803371, 0.797753, 0.731844, 0.780899, 0.780899, 0.853933, 0.808989, 0.776536, 0.848315, 0.797753, 0.792135, 0.780899, 0.815642, 0.848315, 0.786517, 0.820225, 0.792135, 0.776536, 0.837079, 0.741573, 0.842697, 0.820225]",
ok,raw_tabular,GradientBoostingClassifier,unscaled_tree,0.825701,0.021513,0.786517,0.865922,"[0.826816, 0.859551, 0.808989, 0.803371, 0.837079, 0.826816, 0.837079, 0.820225, 0.837079, 0.831461, 0.860335, 0.814607, 0.853933, 0.814607, 0.808989, 0.837989, 0.797753, 0.831461, 0.797753, 0.859551, 0.804469, 0.808989, 0.842697, 0.842697, 0.797753, 0.865922, 0.814607, 0.825843, 0.831461, 0.808989, 0.810056, 0.820225, 0.825843, 0.859551, 0.808989, 0.821229, 0.831461, 0.853933, 0.831461, 0.803371, 0.793296, 0.853933, 0.786517, 0.792135, 0.842697, 0.815642, 0.859551, 0.786517, 0.848315, 0.831461]",
ok,raw_tabular,HistGradientBoostingClassifier,unscaled_tree,0.817731,0.025834,0.769663,0.865169,"[0.849162, 0.842697, 0.780899, 0.825843, 0.853933, 0.793296, 0.837079, 0.786517, 0.803371, 0.803371, 0.849162, 0.820225, 0.842697, 0.842697, 0.775281, 0.821229, 0.786517, 0.853933, 0.769663, 0.859551, 0.798883, 0.803371, 0.865169, 0.831461, 0.792135, 0.854749, 0.814607, 0.786517, 0.814607, 0.780899, 0.826816, 0.786517, 0.820225, 0.842697, 0.808989, 0.821229, 0.814607, 0.848315, 0.837079, 0.792135, 0.793296, 0.842697, 0.808989, 0.792135, 0.837079, 0.787709, 0.848315, 0.797753, 0.837079, 0.803371]",
ok,raw_tabular,XGBClassifier,unscaled_tree,0.811333,0.025122,0.758427,0.854749,"[0.832402, 0.808989, 0.769663, 0.814607, 0.842697, 0.804469, 0.797753, 0.758427, 0.797753, 0.775281, 0.832402, 0.792135, 0.820225, 0.831461, 0.786517, 0.787709, 0.769663, 0.825843, 0.825843, 0.853933, 0.793296, 0.808989, 0.842697, 0.808989, 0.792135, 0.854749, 0.848315, 0.797753, 0.814607, 0.825843, 0.815642, 0.758427, 0.820225, 0.814607, 0.848315, 0.821229, 0.786517, 0.814607, 0.853933, 0.780899, 0.793296, 0.848315, 0.803371, 0.803371, 0.814607, 0.804469, 0.831461, 0.786517, 0.848315, 0.803371]",
ok,raw_tabular,LGBMClassifier,unscaled_tree,0.821322,0.022155,0.764045,0.865169,"[0.854749, 0.831461, 0.792135, 0.825843, 0.842697, 0.776536, 0.831461, 0.764045, 0.814607, 0.831461, 0.854749, 0.831461, 0.831461, 0.820225, 0.797753, 0.810056, 0.786517, 0.848315, 0.825843, 0.859551, 0.804469, 0.803371, 0.859551, 0.825843, 0.808989, 0.860335, 0.808989, 0.797753, 0.825843, 0.814607, 0.826816, 0.803371, 0.820225, 0.825843, 0.831461, 0.815642, 0.803371, 0.820225, 0.814607, 0.814607, 0.815642, 0.865169, 0.814607, 0.808989, 0.820225, 0.815642, 0.865169, 0.786517, 0.837079, 0.820225]",
ok,raw_tabular,CatBoostClassifier,unscaled_tree,0.828402,0.02515,0.769663,0.88764,"[0.849162, 0.848315, 0.803371, 0.825843, 0.848315, 0.810056, 0.842697, 0.797753, 0.820225, 0.842697, 0.821229, 0.797753, 0.853933, 0.831461, 0.820225, 0.821229, 0.769663, 0.842697, 0.797753, 0.88764, 0.798883, 0.814607, 0.870787, 0.831461, 0.825843, 0.871508, 0.820225, 0.842697, 0.825843, 0.814607, 0.798883, 0.786517, 0.825843, 0.882022, 0.848315, 0.815642, 0.842697, 0.831461, 0.831461, 0.803371, 0.804469, 0.865169, 0.808989, 0.820225, 0.842697, 0.826816, 0.853933, 0.786517, 0.859551, 0.837079]",
